0.000000000000000000e+00,3.175146605742351462e-03,4.816908064441545803e-03,6.458669523140741012e-03,8.100430981839936220e-03,9.742192440539129694e-03,1.138395389923832490e-02,1.302571535793752011e-02,1.466747681663671532e-02,1.630923827533591053e-02,1.795099973403510574e-02,1.959276119273430095e-02,2.123452265143349615e-02,2.287628411013269136e-02,2.451804556883188657e-02,2.615980702753108178e-02,2.780156848623027699e-02,2.944332994492947220e-02,3.108509140362866741e-02,3.272685286232786261e-02,3.436861432102705782e-02,3.601037577972624609e-02,3.765213723842544130e-02,3.929389869712463651e-02,4.093566015582383172e-02,4.257742161452302693e-02,4.421918307322222214e-02,4.586094453192141734e-02,4.750270599062061255e-02,4.914446744931980776e-02,5.078622890801900297e-02,5.242799036671819818e-02,5.406975182541739339e-02,5.571151328411658860e-02,5.735327474281578380e-02,5.899503620151497901e-02,6.063679766021417422e-02
2.500000000000000052e-04,1.312477264813045164e+00,1.286032478953426317e+00,1.189923048978796416e+00,1.275272076099209784e+00,1.270072566116355883e+00,1.329543173530848055e+00,1.242117030810321765e+00,1.410946635995746323e+00,1.768946097820957020e+00,1.508413254475545084e+00,1.117424324988375739e+00,1.101801592232341420e+00,1.214886017699879472e+00,2.028775464001994600e+00,1.368723379937232032e+00,1.525815973266492875e+00,1.417518897096472497e+00,1.015515079814741872e+00,2.159233740055387152e+00,1.833672041396944952e+00,2.793224803888483265e+00,1.798806900429928080e+00,1.398690067320728314e+00,2.126524750502053696e+00,3.021226661494120336e+00,4.714540497859241341e+00,2.012568760781566990e+00,4.788987637363993244e+00,2.433749922167302238e+00,2.775882687307101637e+00,2.330941777145854044e+00,4.132898626991677205e+00,3.897706254196894093e+00,2.406904983183182800e+00,6.344000169808237111e+00,3.360182242066402925e+00
5.000000000000000104e-04,1.316183894813219846e+00,1.323272720193819696e+00,1.188759704651359383e+00,1.231024508594951383e+00,1.182999638684096855e+00,1.278831990350157932e+00,1.089012387682326333e+00,1.184389225060156425e+00,1.396598799472450025e+00,1.129158858087904838e+00,1.040640152287192199e+00,1.102738277956750945e+00,8.554370396040479330e-01,1.082988710615953254e+00,1.014652545711999476e+00,1.161797875938263891e+00,1.110517841662211458e+00,8.520708855842906715e-01,9.275168160417059937e-01,1.086550541966451178e+00,1.000325207303525143e+00,9.516377317499369326e-01,1.102053876290871814e+00,1.062796314254934149e+00,1.626216988581923761e+00,1.187427081960473974e+00,7.587163855819429870e-01,1.279853721857785231e+00,1.318571267796429414e+00,8.223596459921601598e-01,7.860494467078248393e-01,1.120288843767534015e+00,1.058073573735238249e+00,1.174770916224320505e+00,1.189880460259212569e+00,7.148254782441915145e-01
7.500000000000000156e-04,1.361871932343157621e+00,1.282197777263027083e+00,1.219947298826416171e+00,1.213314107188566027e+00,1.176086759938396620e+00,1.326919544828277786e+00,1.092482118938629343e+00,1.102315696324248417e+00,1.227393353762507688e+00,1.195267087360807112e+00,1.082574221330041553e+00,1.182948691188179691e+00,9.922950566343595735e-01,1.077005157999786134e+00,9.540772336806748743e-01,1.064629986646287607e+00,1.147000702735666344e+00,9.554548962338268447e-01,8.716724108929287951e-01,1.025035138574592830e+00,1.009441440161056303e+00,9.708552460452833932e-01,1.240559058237554524e+00,9.041621897856414458e-01,1.232927520750270567e+00,1.260222060209074790e+00,8.250227071068441109e-01,1.211988359768395807e+00,1.038947899142104614e+00,1.241961346653538190e+00,9.261725405305588632e-01,7.523164453795265771e-01,8.523598733993151821e-01,1.253399104568740929e+00,1.463868440824742212e+00,9.854329387952294184e-01
1.000000000000000021e-03,1.346639258933184147e+00,1.327526344930401336e+00,1.232760556265536156e+00,1.218216261773123588e+00,1.112605804071857163e+00,1.252330210014850786e+00,1.297498824835745745e+00,1.101328372406505496e+00,1.092252836312915587e+00,1.145413670129929340e+00,9.968157600597388202e-01,1.002590520133674890e+00,1.034101349645824897e+00,1.018493878412860543e+00,1.096455827348062240e+00,9.412321462008564898e-01,1.124706152174528961e+00,1.032882193130886694e+00,7.831238000160607449e-01,6.282716878857236287e-01,1.109503408405009051e+00,1.060829049416843084e+00,9.407815708847528935e-01,1.087581050478620082e+00,8.264262148736551961e-01,1.094317067594473558e+00,8.170689716761827537e-01,1.354117664669354459e+00,9.094965017289746712e-01,1.285367075043113205e+00,9.865750184867453365e-01,1.581873352635534413e+00,1.204366667648574252e+00,1.263456982712731547e+00,1.420509385040472639e+00,9.313860747505969817e-01
1.250000000000000026e-03,1.375717337843014976e+00,1.266466936256789522e+00,1.264971794846825759e+00,1.290486329683443900e+00,1.029460554424414864e+00,1.295652644588422886e+00,1.139289273719356954e+00,1.102769379147479523e+00,1.193664479693727465e+00,1.026112532854545956e+00,1.259800199555533684e+00,1.062402206400309357e+00,1.049027774375485667e+00,1.096921734508303325e+00,8.903231101083248777e-01,1.139996682282815810e+00,1.059206530708503013e+00,1.063434357041291412e+00,1.022656171578093964e+00,1.231491273560482824e+00,9.775671875313307613e-01,7.668967805216874156e-01,1.071385822288132728e+00,1.049037802598885127e+00,1.281185195125665199e+00,9.538730666606172193e-01,1.061657196338172016e+00,1.013235682142348715e+00,1.209091081864352102e+00,5.237259295799183700e-01,1.322177757970038225e+00,8.747037743649042074e-01,1.057232529646150443e+00,8.976529030915691987e-01,1.194105930926963044e+00,8.778761559166380346e-01
1.500000000000000031e-03,1.330150903116281702e+00,1.295178154530360226e+00,1.182215693964466796e+00,1.308716796632166890e+00,1.255613475803264434e+00,1.250627184655744628e+00,1.052177968359471194e+00,1.184113921433917804e+00,1.085375246190885878e+00,9.629647211189658051e-01,1.137037828848605159e+00,1.053670508024371344e+00,9.633574394499408999e-01,1.166229935102092830e+00,9.896988002613380520e-01,9.323749099179879929e-01,1.067849396003428541e+00,9.664023292312350355e-01,1.024982356573721942e+00,1.086985003567003671e+00,9.931292001639340228e-01,8.089276917433096958e-01,9.227352072664902760e-01,5.983034231181015850e-01,7.502200016797293536e-01,9.736442464840868727e-01,1.456269907175219647e+00,8.403550648284845437e-01,1.196945399275079591e+00,1.235362531030041566e+00,6.844245679722288367e-01,9.911636505195579039e-01,8.822829736353694496e-01,1.564067058208004735e+00,9.847947677531726507e-01,8.150501122955757793e-01
1.750000000000000036e-03,1.372851127328517551e+00,1.187482254425812567e+00,1.310899486366392086e+00,1.223322156927832527e+00,1.377455716468692248e+00,1.156414463770803369e+00,1.283651797591521371e+00,1.079154956233798091e+00,1.179951163276146797e+00,1.283681623044630626e+00,1.186795991026600161e+00,1.213131082778703851e+00,9.459327940634150167e-01,1.302008660141226626e+00,9.923798780096809713e-01,1.102505516476876890e+00,8.904326635521467859e-01,9.979257026810366416e-01,1.027802973458031399e+00,1.060226178318786072e+00,1.133825927628466790e+00,5.861822084851336934e-01,5.106112880121411735e-01,8.578116247486052837e-01,7.009014574180599810e-01,1.269309385137247448e+00,9.641670862639271089e-01,1.075311335970739135e+00,8.465278891755920743e-01,9.210245256653628587e-01,1.186786777482774724e+00,9.724184910655742087e-01,9.263119150133096724e-01,9.819063367236131601e-01,8.744639693989242346e-01,7.291843738049095247e-01
2.000000000000000042e-03,1.345614005295282301e+00,1.322435274817215678e+00,1.182353463616002687e+00,1.264739075224427411e+00,1.192910236481995456e+00,1.177791469938721747e+00,1.216587054679883817e+00,1.157854169736813876e+00,1.159375781725475285e+00,1.027329922842265875e+00,9.607640299440728393e-01,1.039970352682925592e+00,1.096792143699880651e+00,9.986952472346051213e-01,8.047626529366201931e-01,1.236450725396142758e+00,8.120185090094148572e-01,9.893799968940332201e-01,1.016108829945794323e+00,1.021520567206291474e+00,1.113918456318037986e+00,9.474609695763307471e-01,1.027726139909505010e+00,1.042861353218564213e+00,9.157667239895646016e-01,8.443074410026618626e-01,1.285183335538172766e+00,9.435901635332705206e-01,1.135737957868909298e+00,7.986936578428680544e-01,8.426728704069225140e-01,1.096902691936950003e+00,9.292778133595577250e-01,1.095031191025278350e+00,1.254154495646333300e+00,6.818674604389356464e-01
2.500000000000000052e-03,1.361859434538704727e+00,1.280609609969179052e+00,1.217658400651369988e+00,1.164102439582178627e+00,1.203853474579406724e+00,1.173112769258532584e+00,1.126067968701207622e+00,1.101506914541983573e+00,1.262953180544325038e+00,1.090442971356369251e+00,1.117419191218363306e+00,1.114559561175519464e+00,1.141016085187343654e+00,9.670800062831521604e-01,1.027901128238817519e+00,1.064197015419608539e+00,1.099535797217453093e+00,1.231606119252582676e+00,1.228362794302704453e+00,9.138587039624802566e-01,1.022733871463098909e+00,9.754341695937748247e-01,1.014240778224468675e+00,9.279934386800894330e-01,1.145346572765360449e+00,9.765720406436757539e-01,9.421650545574905555e-01,1.194960569486586133e+00,1.084622157403335896e+00,8.357912852425272154e-01,1.072718789498245728e+00,7.808624201221026073e-01,1.331124784254905435e+00,8.482728477383387755e-01,1.022731704283352361e+00,9.106051864134208085e-01
3.000000000000000062e-03,1.352679075870388825e+00,1.256795232590764977e+00,1.248892494600367886e+00,1.172428574289919201e+00,1.142865026774920745e+00,1.217011100682069635e+00,1.195089319612286705e+00,1.136819434797830208e+00,1.192246725333070856e+00,1.148441388575461408e+00,1.022297207261783525e+00,1.073210507432420524e+00,1.071999844991668338e+00,1.046771390305079485e+00,1.011767679247637108e+00,1.042620717046071288e+00,1.021540490440566717e+00,1.065278008513001584e+00,9.212074038900605055e-01,1.010252559380547144e+00,1.127777370282077918e+00,1.126738474633573794e+00,1.143511691532551167e+00,1.148098807588146419e+00,7.179134233087998140e-01,1.036781328005655034e+00,1.111060742584173422e+00,1.284935430220146113e+00,9.499782379005911048e-01,1.024571503948318751e+00,7.146279180637036266e-01,1.079079199627295038e+00,8.828754992895522236e-01,9.256672462367477872e-01,8.829362549769840252e-01,1.061525875227157689e+00
3.500000000000000073e-03,1.382491114654118558e+00,1.275638947301305004e+00,1.213984154000871118e+00,1.205885517959651487e+00,1.253479875806305488e+00,1.217034256543683579e+00,1.185013838721103108e+00,1.191175587173891381e+00,1.173078096796106751e+00,1.166205151236034521e+00,1.025769867984303918e+00,1.036244630110147336e+00,1.087252225670513717e+00,1.036190711775835105e+00,9.703548834547124358e-01,9.245054618595028861e-01,1.030363930412447449e+00,9.877619572576742391e-01,9.556332977596365685e-01,8.451738447785149821e-01,1.034558949443666886e+00,7.596845195423729269e-01,9.587463708869765622e-01,8.396480714281532309e-01,1.009260877112364785e+00,1.104448886235537941e+00,1.199883881685991138e+00,8.591628320207101988e-01,1.227289805580438209e+00,1.151338915911716887e+00,9.059256134340734068e-01,1.167171370551389309e+00,8.888840046071152523e-01,9.444345641204682229e-01,1.072420530167739638e+00,6.840528255971097815e-01
4.000000000000000083e-03,1.343285302068759179e+00,1.232037884324434174e+00,1.256554701906176685e+00,1.233652839933587542e+00,1.174987420268970517e+00,1.201708847984093387e+00,1.173022644244816615e+00,1.142423017538306551e+00,1.078805682006371169e+00,1.103280696881782763e+00,1.242143290922096854e+00,1.038169727303802414e+00,1.013325832278350935e+00,1.029112282510401322e+00,1.132305316176190013e+00,9.699078628237144395e-01,1.132209647677915987e+00,1.017870816855242611e+00,8.376831900854858626e-01,1.031045100239431855e+00,1.090158360339806398e+00,1.091364331079001548e+00,1.063922064620589136e+00,1.026865556358934839e+00,1.042402350542470213e+00,9.874929831045375916e-01,1.130086349661599154e+00,1.034387197484410992e+00,9.468541538291995741e-01,1.072027544083072881e+00,1.240910998060307913e+00,9.497011423176491274e-01,1.327266983070150452e+00,8.176706731420118057e-01,1.163992035165085870e+00,1.282348581944850796e+00
5.000000000000000104e-03,1.321739398657377995e+00,1.257086729444947482e+00,1.222127032264201052e+00,1.226709574764190291e+00,1.189914260674912461e+00,1.189098141688007093e+00,1.118808316130413205e+00,1.170203300069112107e+00,1.159306133629841140e+00,1.024485567864855451e+00,1.051347847696503912e+00,1.087782189201348615e+00,9.796726045266133109e-01,1.021170088718571289e+00,1.016605421692043265e+00,9.622114218594983726e-01,1.033531629752137082e+00,9.564653638331984675e-01,1.000228442727152389e+00,1.025597567249992181e+00,9.469354222330339521e-01,9.500788491298266525e-01,1.256418561170666859e+00,1.112601760612361712e+00,1.047054282601571629e+00,1.034145686546283249e+00,9.325688150940385501e-01,9.131056887717429182e-01,9.793577485522828585e-01,9.866951369316797615e-01,1.129354275267899332e+00,1.027381764720231683e+00,1.196978009217407379e+00,9.920274897935339453e-01,9.060508209056357121e-01,1.154051767630202008e+00
6.000000000000000125e-03,1.336179904219054082e+00,1.241983444675760939e+00,1.270148463985715903e+00,1.191906814781574786e+00,1.194028737683111574e+00,1.199478225277175181e+00,1.162336698952326497e+00,1.167300898065925407e+00,1.118430263862476348e+00,1.121403764991001584e+00,1.076453687041049712e+00,1.104825432954913644e+00,1.016604585370050495e+00,1.017646474293917969e+00,9.874050196945495239e-01,9.729493074602870717e-01,9.938685747301934104e-01,9.091763049139574004e-01,9.791498062771228916e-01,1.062165781179141844e+00,9.555615023712796807e-01,9.953021428148944860e-01,1.089479073002981524e+00,9.397755040880720889e-01,1.011662596276756698e+00,1.146251227315252752e+00,1.034437764528156833e+00,1.021208339232348106e+00,9.472024188072225570e-01,1.004716298872943003e+00,1.126751302385903486e+00,8.637810812647115366e-01,1.100629041521334672e+00,1.021912545665374150e+00,9.760387130640643116e-01,1.116608223507256303e+00
7.000000000000000146e-03,1.357300319416419487e+00,1.248886357247160461e+00,1.278676688936887018e+00,1.262620259624973373e+00,1.257867774299459285e+00,1.205826424644085959e+00,1.097765337025797594e+00,1.084150788970647872e+00,1.096587031594490114e+00,1.101351078217331247e+00,1.074822326271234418e+00,9.698840696609257739e-01,1.025614913866966127e+00,1.047481218124323377e+00,1.034411485272317188e+00,1.078650078349876029e+00,1.150741949538762743e+00,9.236652565280616400e-01,9.943755688349178445e-01,1.003004038526682518e+00,9.995082683263429857e-01,1.009295670907114140e+00,1.054735419227305515e+00,1.031818009316325391e+00,9.339102597190207522e-01,9.244053516188637243e-01,1.113282317283451395e+00,1.194457347642711831e+00,9.649808271983992825e-01,9.389627962678046558e-01,8.777720587985079481e-01,1.014249285178365323e+00,1.027569583735514769e+00,9.683558898916431179e-01,7.568448339773569122e-01,1.030576262173596991e+00
8.000000000000000167e-03,1.357118697062918100e+00,1.261198897986558709e+00,1.248602934470352199e+00,1.205880097923939243e+00,1.181701628151782257e+00,1.168314871483022488e+00,1.092436952821001395e+00,1.174980304226651784e+00,1.076982629487730714e+00,1.075822987166460409e+00,1.069553521435131049e+00,1.072710678431487707e+00,1.078083201004995439e+00,9.904967010521159576e-01,9.772585981888731732e-01,1.001268954622428486e+00,9.375371615198201392e-01,9.729050183994207845e-01,9.953539249603513550e-01,9.704823253914348635e-01,1.018859027624211100e+00,8.626626656664688753e-01,9.713784397167628537e-01,9.430072649883850522e-01,1.044769356050933684e+00,8.836228330225678329e-01,1.008194397454561742e+00,1.121969062150510732e+00,9.955548339031807803e-01,8.872283400816662891e-01,8.480975699328794359e-01,8.938886341397056512e-01,8.799360049365068104e-01,9.230754243202909937e-01,9.632843389561905889e-01,1.019315853134427297e+00
1.000000000000000021e-02,1.341649890291174874e+00,1.267557060266967239e+00,1.211679346812360780e+00,1.243655360626786388e+00,1.247975253483785130e+00,1.190135861477360946e+00,1.108572919214378283e+00,1.135486137045383703e+00,1.093911688283100370e+00,1.057662546912314205e+00,1.016971643063459663e+00,1.112791813406035946e+00,1.058568412164133443e+00,1.063019007715477526e+00,9.804120028434336609e-01,1.057732178754493990e+00,1.006033974015394294e+00,9.154970870786864889e-01,1.003489454174474549e+00,1.031352924864363807e+00,1.011459205106537862e+00,9.159316506988979256e-01,9.678735658542569897e-01,1.053927110818240864e+00,8.678023860728387717e-01,8.741308097399225208e-01,1.067583049024187769e+00,1.062564965676664919e+00,9.537994267933627146e-01,1.079467991376709346e+00,1.064935554666411210e+00,9.328489033035465283e-01,1.132731946239835086e+00,1.179555189203790988e+00,8.442172290611585916e-01,1.074336610026929151e+00
1.200000000000000025e-02,1.341700949605807436e+00,1.251721082243222982e+00,1.252359963632726947e+00,1.247687205687324496e+00,1.184850153256987504e+00,1.153745202482723498e+00,1.135747001676910894e+00,1.100667151501330654e+00,1.143215973660798301e+00,1.102594058100890617e+00,1.048526541773974863e+00,1.059621359774427729e+00,1.031591226229624292e+00,1.080304964971248394e+00,1.061140815154176353e+00,9.969268472909543766e-01,9.497985219668050316e-01,9.428150919883311332e-01,9.238692623276986149e-01,1.006179902329013442e+00,9.728596422925667175e-01,1.072797230568781401e+00,1.056192360238696004e+00,9.428578854004461274e-01,1.081018888583553217e+00,1.026409301251153705e+00,1.025683417086242333e+00,1.004404944220569362e+00,1.062617481004012543e+00,1.062239429722365847e+00,1.013429647448490289e+00,9.708740742505801435e-01,1.251931064523670756e+00,9.882276249057891926e-01,8.814870696494454538e-01,1.019460608548559133e+00
1.400000000000000029e-02,1.338361894314193723e+00,1.250600301228438571e+00,1.217478386818098057e+00,1.262181274892078875e+00,1.196915516459835072e+00,1.165082545325369257e+00,1.136961462064176143e+00,1.149236112228754880e+00,1.105263784658964354e+00,1.098887478024460407e+00,1.084319851982026295e+00,1.019483436499740270e+00,1.005313801978887644e+00,1.008246917926675312e+00,1.098334514324459388e+00,9.779614900544417733e-01,1.005125126717273165e+00,9.970074547504313989e-01,9.599846650261925074e-01,1.075468721303939557e+00,1.098998567525217185e+00,9.705568581078350965e-01,9.819299668685099736e-01,1.018175651010842397e+00,1.022375188107794930e+00,1.030756066072352484e+00,1.050804105168210434e+00,9.940738557544946952e-01,1.006837000927497838e+00,9.475363611185155799e-01,9.988152011887588833e-01,1.074155709751195120e+00,1.071968214540632847e+00,1.112009603891264131e+00,1.036238850881179951e+00,1.014879781967068961e+00
1.600000000000000033e-02,1.344696051554160832e+00,1.270236448334156831e+00,1.278957567013997432e+00,1.240595397297477032e+00,1.158545844513259260e+00,1.164982626365687723e+00,1.149459358174373502e+00,1.128856545851201654e+00,1.110590738921897858e+00,1.048036039641230044e+00,1.052583847087470881e+00,1.001669386167780562e+00,9.422851152643396677e-01,1.080422135130778782e+00,1.047695682846188969e+00,9.250463324572233415e-01,9.934895219913636444e-01,9.287462988826428179e-01,9.729848797619252698e-01,9.433434886777396500e-01,1.092695935722369338e+00,9.370854283388669881e-01,9.830998277092153348e-01,1.116835770199394950e+00,1.015470043792938037e+00,9.959912332856444284e-01,9.994990979109843465e-01,9.287009031673469917e-01,1.015747303587018591e+00,1.101566434102720926e+00,1.129114864460111667e+00,9.256832473199165801e-01,9.867314297610807472e-01,1.112347496333324415e+00,9.996309540710031083e-01,1.330386492425164713e+00
2.000000000000000042e-02,1.336908923960365758e+00,1.286885189177987110e+00,1.245563102830429703e+00,1.203205918502542326e+00,1.210684971517562714e+00,1.166062066920515727e+00,1.142599439408876760e+00,1.120536850509335824e+00,1.122988950372100003e+00,1.069709244416551019e+00,1.072241038682576475e+00,1.002223625901885740e+00,1.056755178919548621e+00,9.831821939045894965e-01,1.007535042686456439e+00,9.778566788399005727e-01,9.926269504504743324e-01,1.027429476903420902e+00,1.003813272591123518e+00,1.011625085410347236e+00,1.049785712424174733e+00,1.104195275811607369e+00,9.414966580743854285e-01,9.692049468315018235e-01,1.027162170450197864e+00,9.662904925930584366e-01,9.949543953451145395e-01,9.870331224252673064e-01,9.042484460669685253e-01,1.063471967215225300e+00,1.000425967510502723e+00,9.614219698798006641e-01,1.086579866101351488e+00,9.342153118327857220e-01,9.992232651198360571e-01,1.112783238915894923e+00
2.400000000000000050e-02,1.337922110689190092e+00,1.244982377753560687e+00,1.254268064210682265e+00,1.211778185243157946e+00,1.186438097854150886e+00,1.207760365428288907e+00,1.142137437904526820e+00,1.119668837947671580e+00,1.099498933224785979e+00,1.100546802802707003e+00,1.059804481991279967e+00,1.047241192957501399e+00,1.025878558907312499e+00,1.034713510633883171e+00,9.826497428584957117e-01,9.654072134487059476e-01,1.009427942033310543e+00,1.004249969862404557e+00,1.058570834078349066e+00,9.926289659823062106e-01,9.730125693499861450e-01,1.009620060774735206e+00,1.071480328109202684e+00,9.231296687924995803e-01,1.044737711404501335e+00,1.011700912885664660e+00,9.650978601030694159e-01,1.062713948093829464e+00,9.126936686028488399e-01,1.013608181404706432e+00,1.003236621458416744e+00,1.007655564069569021e+00,1.030783119113959589e+00,9.905034221732664790e-01,1.025802615032943121e+00,1.023518089511501028e+00
2.800000000000000058e-02,1.321688778732874825e+00,1.249782021686100641e+00,1.241796812386434246e+00,1.202877081080603094e+00,1.202676020113473410e+00,1.201165648761458593e+00,1.143168978986937478e+00,1.114497723832020837e+00,1.125472630228350646e+00,1.065478558048515989e+00,1.046578949511776990e+00,1.088963240538788568e+00,1.004479825450033115e+00,1.010294348389718433e+00,9.816420866546549107e-01,1.022366203878240620e+00,1.016725463274066765e+00,9.954587373830439123e-01,9.964381608616227348e-01,1.036742065206234020e+00,1.007115717890104012e+00,9.919907005822091728e-01,1.033899232508312283e+00,1.041791199949557045e+00,1.007524889748216079e+00,9.675818173093994057e-01,9.778072336107402895e-01,9.811514274794017609e-01,1.072661232011223209e+00,9.539863406514095256e-01,1.086276670542889455e+00,1.038921284661737943e+00,9.635242084028821097e-01,1.144563421562278638e+00,9.792955857969742883e-01,9.371867020217724553e-01
3.200000000000000067e-02,1.333392750037318164e+00,1.260519368613221669e+00,1.255524074354030351e+00,1.200061306048014975e+00,1.184901757769521558e+00,1.165045059248591919e+00,1.125573054165585729e+00,1.138932710678208116e+00,1.109134224983125971e+00,1.045207830012257810e+00,1.038827421890783143e+00,1.079010819400306742e+00,1.047379693496133024e+00,1.046110676303360076e+00,1.010247390453742344e+00,9.994841997001098211e-01,9.828492101167872752e-01,9.815375580621037432e-01,9.794501609539005837e-01,1.020271853200681367e+00,1.068716203599759496e+00,1.015137892972366451e+00,1.035971808642486724e+00,1.010761696790204223e+00,1.019084397754822069e+00,9.861133909472877823e-01,1.036285689608876126e+00,1.011024564890812494e+00,1.009224282619367141e+00,8.904239631843229308e-01,1.072457890505771116e+00,1.030018110735405834e+00,9.242247679770934088e-01,1.116336132536267955e+00,1.047077851784797842e+00,1.055030296203134821e+00
4.000000000000000083e-02,1.337466497162667967e+00,1.252197465594835579e+00,1.243110839983843752e+00,1.221741157109848874e+00,1.197263164756456666e+00,1.170255857566887547e+00,1.167868220431391268e+00,1.094555049374127620e+00,1.105198197715978825e+00,1.056865454153222306e+00,1.058443331161873724e+00,1.059575484737821593e+00,1.041858460881005533e+00,1.017101967453168054e+00,1.015987675098285026e+00,1.018350080714326200e+00,1.007200889197423122e+00,1.028667698760329596e+00,1.033556995697556102e+00,1.009824870334883773e+00,9.949042607599208887e-01,9.992596098565817986e-01,1.008109511382680346e+00,1.021470218511171257e+00,1.011084181194520593e+00,9.907056788349726251e-01,1.030345575459010288e+00,9.862104036271798213e-01,1.011734253660720118e+00,9.563768645598669238e-01,1.037533604212604876e+00,9.904124257320534586e-01,1.034236605740440851e+00,1.025087514861578120e+00,1.035432476344703367e+00,1.040038596498213064e+00
4.800000000000000100e-02,1.325264953159301706e+00,1.247641947804454698e+00,1.246404627811256605e+00,1.225471863534258965e+00,1.189740718796693741e+00,1.151330131952722491e+00,1.127643458675980259e+00,1.105365286562233651e+00,1.070747216067432062e+00,1.087293737379104952e+00,1.044245170251001387e+00,1.018133229199079448e+00,1.040313623300091805e+00,9.866646040793144445e-01,1.012091424330239020e+00,1.015126591055610428e+00,1.015785804283405369e+00,1.041239375960880453e+00,9.832571485652165100e-01,1.016956168526398141e+00,1.010872598351339580e+00,9.972500584050199013e-01,1.058731796886866361e+00,9.741361353739723672e-01,9.733166086837542474e-01,1.024575649622704754e+00,1.040298940162014851e+00,1.024186941724202660e+00,1.016215070069695026e+00,1.028379188215534867e+00,1.010020047990827230e+00,1.016663730222970852e+00,9.671506162844678567e-01,9.454838265028197020e-01,1.059851208203185680e+00,1.004591500449379726e+00
5.600000000000000117e-02,1.327982367817514442e+00,1.257802416419771196e+00,1.225056765750216714e+00,1.238973670265977045e+00,1.187594616825430549e+00,1.159371818573949442e+00,1.157059600734032356e+00,1.146781978495585053e+00,1.078450502899424901e+00,1.055005608159770070e+00,1.057044569216983421e+00,1.055404264626888411e+00,1.019111535877067265e+00,1.011540577162799881e+00,1.017607975958228606e+00,1.024820396072238182e+00,1.046458309529842090e+00,1.045159955066158775e+00,1.003084312021033764e+00,1.005434264370372865e+00,1.010173318183093416e+00,1.003186915366797383e+00,1.005454677027096011e+00,9.906789408978239342e-01,1.004079048962058351e+00,9.818824576527079850e-01,1.066155048653568249e+00,9.719756820941590769e-01,1.044849875847365439e+00,9.418114451110524143e-01,9.228678020217377931e-01,9.372348636673354383e-01,1.000623374475358762e+00,1.037997527484064708e+00,1.023979211742558570e+00,1.012336699792694361e+00
6.400000000000000133e-02,1.332688095586665344e+00,1.253479252492359475e+00,1.241148821535150049e+00,1.217095514988150162e+00,1.178613540820850458e+00,1.168238982590389163e+00,1.135516535290154616e+00,1.112914737617006766e+00,1.081477976603043123e+00,1.056380524633061091e+00,1.062093174013719388e+00,1.037576133058847550e+00,1.027064201772750707e+00,1.016497328218260776e+00,1.021851197435414971e+00,1.019928104041594175e+00,1.011490444516703890e+00,1.014393339893542301e+00,1.041286680064423154e+00,1.005345308560790851e+00,1.025395932735234217e+00,9.819343300450260603e-01,1.010351899205712778e+00,1.018059662336408877e+00,9.857081385816706121e-01,9.792563921880091948e-01,9.848071028724236786e-01,1.024845216858508712e+00,1.020621292019660675e+00,1.001100710802146576e+00,9.627965420064713564e-01,1.026550492042977103e+00,9.986059921443655174e-01,9.604425690909650370e-01,1.020056473538907271e+00,1.003197129632608098e+00
8.000000000000000167e-02,1.324712954865279402e+00,1.263914705332181310e+00,1.228240920073134346e+00,1.188021604921102092e+00,1.184370754147835658e+00,1.164744721923370863e+00,1.118087929318364315e+00,1.098982401247550200e+00,1.108963683980627835e+00,1.034271748734026941e+00,1.045512107674039459e+00,1.017417302072154861e+00,1.020863025014560055e+00,1.040076947340989433e+00,1.019628760945751278e+00,1.003645103071725053e+00,1.054984740239010232e+00,1.019953410003261229e+00,9.901088537507891640e-01,9.817583584128939389e-01,1.020507992837113020e+00,1.013030238114970949e+00,9.696746343970448212e-01,1.000702254358346144e+00,9.770227633522703403e-01,9.825215450797329941e-01,1.019959283957803775e+00,1.005048357489947586e+00,9.972824465344313216e-01,9.460098811813338893e-01,9.944730600415535582e-01,9.819034076029951041e-01,1.048310648524141131e+00,9.918816425020885452e-01,1.026556627992952775e+00,9.882019580481997689e-01
9.600000000000000200e-02,1.328161789867318809e+00,1.243588531512510809e+00,1.217900617056583590e+00,1.199956541264531440e+00,1.165739339265853713e+00,1.142073355097489529e+00,1.128839153276216090e+00,1.099859800076464333e+00,1.090863894448655946e+00,1.045991193184932833e+00,1.051125524137633160e+00,1.029157115052375282e+00,1.020485881299978193e+00,1.036568557133838997e+00,1.011255822108223068e+00,1.003137199838877835e+00,1.024313042283035546e+00,1.003529498227621719e+00,1.039314003916833595e+00,1.010156241605744798e+00,1.038710364535176733e+00,9.899261406369112004e-01,9.930869328393716611e-01,9.614928140211421725e-01,9.978659175512772928e-01,1.005960945320240940e+00,1.034739291362597902e+00,1.035002001601781574e+00,1.028022457964333558e+00,1.009630594447892715e+00,9.568819652427192901e-01,1.023643077932190781e+00,9.776372786954672378e-01,1.003579562345383591e+00,1.012081720795524387e+00,9.865192501448316609e-01
1.120000000000000023e-01,1.329205880509655380e+00,1.246772179588053087e+00,1.221443444697542402e+00,1.184586165195289809e+00,1.152807093984658637e+00,1.146610502643232499e+00,1.103456425766593529e+00,1.081106114204843704e+00,1.056491108601336215e+00,1.052995924825514074e+00,1.024409278241997567e+00,9.984659023344268913e-01,1.011913216712486463e+00,1.002826228867410796e+00,1.005254228216643675e+00,1.025817424171134862e+00,1.009864367783971817e+00,9.878100694396307890e-01,9.938820222892814638e-01,1.010229020519449739e+00,1.006749997630930205e+00,9.989922863102528305e-01,9.995327890767301549e-01,1.011021365295024621e+00,1.005068755216221410e+00,9.978739054621292848e-01,9.678559211723417599e-01,9.895830628401706131e-01,9.919147305742530563e-01,1.009011040486113675e+00,9.699741099889289675e-01,1.017745836814332838e+00,9.686629315251078509e-01,1.007727599042277156e+00,1.025426759732027238e+00,9.986990936955798537e-01
1.280000000000000027e-01,1.321408769052030197e+00,1.235566095891898586e+00,1.215421049629946015e+00,1.167882491828571956e+00,1.157486245404429237e+00,1.130334467605394355e+00,1.101630967580872200e+00,1.085370639845414820e+00,1.062795639081108190e+00,1.039947464977766245e+00,1.014733799916048396e+00,1.048987736472170695e+00,1.024557732318960079e+00,1.029041256595723874e+00,1.016339246631363880e+00,9.974848700424689962e-01,1.003000515303553275e+00,1.008003780261103710e+00,1.031971586892067583e+00,1.011044674922579212e+00,1.019350516888199110e+00,9.638272547108069910e-01,1.014405833313921201e+00,1.014717654993943174e+00,9.839315817369909123e-01,1.017596929442017073e+00,1.004254789305835116e+00,1.049409021400680153e+00,9.934005290854319714e-01,1.017128666673285720e+00,1.014181538531618409e+00,9.899659345014036882e-01,1.007879977958435758e+00,1.007025568312154284e+00,1.030425670226683632e+00,9.677308882983709504e-01
1.600000000000000033e-01,1.323840067787292130e+00,1.236931071498632573e+00,1.196867501317941063e+00,1.159132396539844789e+00,1.130294572492331451e+00,1.116600457768877508e+00,1.098000175498203834e+00,1.065959046572819480e+00,1.057680946488639417e+00,1.015964897157140223e+00,1.023333953477873148e+00,1.035676414961225644e+00,1.011649551853659457e+00,1.017666332820575947e+00,1.002895550613068343e+00,9.959556713058328459e-01,1.008971694547389664e+00,1.009816530662275724e+00,1.023137618378431091e+00,1.028660864497815464e+00,1.015466708505580407e+00,1.018941651157814210e+00,1.042403547594435320e+00,1.019212941401559824e+00,1.000737241501778785e+00,1.011768676655361965e+00,1.006892096137695258e+00,1.011024386921755669e+00,1.022165397704405398e+00,1.035479106660612603e+00,1.023151056848245144e+00,1.024002924706373996e+00,1.006574276341810847e+00,9.866961089281687247e-01,1.025802868790178568e+00,1.041378152976021321e+00
1.920000000000000040e-01,1.322204694888077015e+00,1.227595044884058462e+00,1.177812822998213660e+00,1.140059607304649614e+00,1.117171732540667373e+00,1.099583889623841015e+00,1.072167835766626220e+00,1.020059430793536226e+00,1.030445229336080626e+00,1.025865027948145602e+00,1.021020633085589990e+00,1.016836337588634009e+00,1.018689970138377365e+00,1.020751679478044016e+00,1.030493159321208108e+00,1.015388711889968487e+00,1.002006459539406924e+00,1.012694081419767356e+00,1.000493533754224007e+00,1.011647618209714494e+00,1.008611301160458051e+00,1.003133689534991824e+00,9.863456543757053163e-01,9.811865200677235554e-01,1.013028611106051802e+00,1.012764871480650308e+00,1.006055707874356386e+00,1.032614416133883939e+00,1.016638935743991556e+00,9.867468061519305556e-01,1.000636668089487147e+00,1.049275676650890388e+00,1.041512579202521938e+00,1.000244998376886851e+00,1.039322946210805565e+00,1.031113934005880362e+00
2.240000000000000047e-01,1.314271472658427253e+00,1.217347466246194720e+00,1.175126590489312228e+00,1.135823977323352496e+00,1.109631693047065548e+00,1.076145942811462808e+00,1.058742920899824691e+00,1.039045240224075517e+00,1.019583298647009695e+00,1.018221856981466500e+00,1.020956657518058641e+00,1.011075926529519720e+00,1.016343767256752573e+00,1.006000127285498591e+00,1.009354770297193449e+00,1.006388486346163402e+00,1.002942242278073381e+00,9.995947970281449102e-01,9.934696857172558015e-01,1.014284977363279605e+00,9.994112434422761648e-01,9.965034441132558651e-01,1.008484147508711182e+00,9.898561057086412429e-01,9.925170571955655996e-01,1.040811654082234528e+00,1.004247983394018773e+00,9.920279628055347354e-01,1.007910525947891101e+00,1.043659568825656025e+00,1.046335580546743138e+00,9.962504382070089815e-01,1.030218995000162341e+00,1.022661248526499644e+00,1.030514366912704594e+00,9.909231569306881093e-01
2.560000000000000053e-01,1.307051855471360158e+00,1.205686782757788844e+00,1.168741673587751606e+00,1.124306660382317080e+00,1.097443107562720233e+00,1.071087647768807161e+00,1.038315438302910287e+00,1.045974120818913722e+00,1.035185840009889446e+00,1.025397994288031800e+00,1.011383917015557854e+00,1.026799904808505470e+00,1.002405298890479690e+00,1.027677789206177028e+00,1.002033599916779094e+00,1.013566481054726243e+00,1.021799345707713913e+00,1.031119218332785525e+00,1.019305299511938045e+00,1.026559804916288732e+00,9.987467143528137026e-01,9.914284698910617033e-01,1.005731300345717116e+00,1.024402129170013609e+00,1.009185156832118846e+00,1.010013092780070343e+00,9.978870939035987542e-01,1.017036341340982419e+00,1.019249352900274408e+00,1.022674469065933289e+00,1.029178090995780614e+00,9.752469136821348972e-01,9.888012545535938003e-01,9.967313236140658006e-01,9.887340302137935799e-01,1.055791066698364755e+00
3.200000000000000067e-01,1.302275136432207825e+00,1.193094124147231705e+00,1.153958956363163590e+00,1.106162145849352241e+00,1.076394744945846194e+00,1.055406342563362632e+00,1.031253035364967374e+00,1.044001389567681848e+00,1.023916713185288874e+00,1.019803168208855748e+00,1.003516741431054182e+00,1.008334865434431515e+00,9.966766753042600735e-01,9.955646538770416276e-01,1.017825482493388112e+00,1.009070987992971569e+00,1.010957436695960832e+00,1.004735568369181431e+00,1.001960733817178095e+00,1.013136068568766701e+00,9.923359387989316716e-01,1.001433696359740777e+00,1.028648736511167172e+00,9.984396544157705389e-01,9.927124849447975796e-01,9.981559396426085140e-01,1.037944592394557830e+00,1.007753841246571191e+00,9.828015680429590395e-01,9.940528414351176290e-01,1.004291662835467225e+00,9.883610424891369206e-01,1.022982791074384279e+00,1.046358299612446308e+00,1.023828392431575640e+00,9.887441892406201305e-01
3.840000000000000080e-01,1.293624963475838330e+00,1.122470336804690660e+00,1.124933914947329638e+00,1.080092200977435413e+00,1.063834442479163922e+00,1.037348815278145597e+00,1.035365420636425782e+00,1.015471483732257152e+00,1.016843462085883498e+00,1.015269326148761309e+00,1.007662756292453832e+00,9.983402680275638152e-01,1.009848160102732706e+00,1.008974806917777300e+00,1.016394512724713817e+00,1.001270391050943953e+00,1.014183737906669602e+00,1.003723666684874782e+00,1.021094013547036106e+00,9.925655640383835854e-01,9.962344855289352319e-01,9.897413112258014456e-01,1.000085039256110253e+00,1.023813398085746229e+00,1.008496668044499334e+00,1.030850664446264275e+00,1.006840320737299121e+00,1.028609087962927049e+00,1.010852037111227286e+00,1.009233147493846072e+00,1.007205476802438993e+00,1.031526164059455741e+00,1.012068871817180415e+00,9.928065905488189236e-01,1.006722314406283347e+00,1.004796064019205959e+00
4.480000000000000093e-01,1.289681970762093011e+00,1.108338524033657846e+00,1.106104611955857964e+00,1.064079048007972705e+00,1.045718347882439003e+00,1.027757541524409568e+00,1.015309646588394177e+00,1.033194594329956084e+00,1.020476659022418575e+00,1.002876589830090648e+00,1.016458994636167734e+00,1.012415137200868953e+00,1.010533975470700341e+00,1.008565981611841078e+00,1.017466069170160692e+00,1.008214917477218364e+00,1.014984535425927259e+00,1.020417609092006295e+00,1.003304191013803415e+00,1.007897144200394113e+00,1.020958310470588826e+00,1.011811098997412284e+00,1.013978012987616584e+00,1.011105654501611939e+00,1.000132424192222480e+00,1.003922879489664854e+00,1.012891346237169587e+00,9.917215146342611698e-01,1.034677076454024736e+00,1.026135648680782442e+00,1.022039587247497661e+00,9.861678835863376680e-01,1.033702408161006892e+00,1.022124397817212316e+00,1.032488121156776240e+00,1.013375485153183098e+00
5.120000000000000107e-01,1.275879772635469145e+00,1.084226098968991137e+00,1.091182035672593642e+00,1.060529014565880335e+00,1.036604583522257705e+00,1.026518027803919875e+00,1.017146685447344323e+00,1.020833694433461281e+00,1.014745310530926536e+00,1.025460500535802844e+00,1.020737021600088612e+00,1.027167544371941688e+00,1.014624095200417742e+00,1.007717848935513860e+00,9.992370788747070298e-01,1.021735864715801467e+00,1.024479137766507009e+00,9.988486075335070158e-01,9.924376209214651468e-01,1.006914812133018478e+00,1.004232018487683620e+00,1.001670825446263624e+00,1.023168357933024408e+00,1.008501450646284381e+00,9.973599051591536258e-01,9.906819460715989845e-01,1.012603298057360046e+00,9.862887639660371519e-01,1.024466614071163573e+00,9.768073233676892730e-01,1.001849097657654619e+00,1.012468128774286935e+00,1.032930862490148094e+00,1.017634930291627660e+00,1.020519610010713896e+00,1.001076483766821124e+00
6.400000000000000133e-01,1.263390430367254513e+00,1.070586835689558036e+00,1.076493701016609128e+00,1.039971096016812480e+00,1.029502772286138068e+00,1.007880875790255093e+00,1.019540308571502241e+00,1.022356267606698621e+00,1.017083257377048300e+00,1.007826082429963410e+00,1.018036658649138060e+00,1.014787165180943918e+00,1.006286334960541318e+00,9.991574203976641977e-01,1.018207511410531563e+00,1.020662503283742861e+00,9.999191142704182411e-01,1.005158616349111744e+00,1.027029684446057134e+00,1.006971809654275685e+00,9.998960736838459207e-01,1.002536234318564867e+00,9.931455024955461175e-01,1.009453232296593672e+00,1.003833660588244081e+00,1.016353053926799976e+00,1.005757776885336963e+00,9.850436210082206268e-01,1.044272401866691125e+00,1.029911980814754102e+00,1.024671607873917090e+00,9.923131580602781998e-01,1.042564991293103871e+00,1.024666249509717852e+00,1.031520032491186623e+00,1.000977753362225275e+00
7.680000000000000160e-01,1.249554695717801645e+00,9.946005222462019901e-01,1.055865834744272869e+00,1.016189814342624231e+00,1.026119628447429433e+00,1.018937226946212693e+00,1.012522261421437531e+00,1.026026480314663258e+00,1.014968951010061238e+00,1.008309647932699615e+00,9.867224751197791743e-01,1.015714690359561079e+00,1.003709014385120168e+00,1.000624423251105455e+00,1.005754617096263459e+00,9.948684088195978159e-01,1.004140080987512285e+00,1.003016401458994622e+00,9.876326992356292411e-01,9.804772918784756541e-01,1.012309274949791282e+00,9.905719036932231214e-01,1.031029457930311199e+00,1.014532773435871782e+00,1.033900201164988930e+00,1.033841079109557137e+00,1.005607788895842791e+00,1.011181530658042727e+00,9.831260031416592104e-01,9.974133501221313924e-01,1.041905566315629583e+00,1.001583325349312048e+00,1.046602976035936772e+00,9.878407503915791477e-01,9.881591847153513575e-01,1.065652041961443253e+00
